{"cameraMode":{"drawMode":0,"name":"Shaded","section":"Shading Mode"},"sceneLighting":false,"audioPlay":false,"sceneViewState":{"showFog":true,"showMaterialUpdate":false,"showSkybox":false,"showFlares":true,"showImageEffects":true,"showParticleSystems":true},"in2DMode":false,"pivot":{"x":-0.0014137625694274903,"y":0.27371132373809817,"z":0.039615094661712649},"rotation":{"x":0.06642236560583115,"y":0.771195113658905,"z":-0.08158314228057862,"w":0.6278507113456726},"size":0.9833650588989258,"orthographic":false}